発生日時,国名,緯度,経度,人口,地滑りの規模,死亡者数,負傷者数
2012-03-30T00:00:00.000,Fiji,-16.7873,177.5073,14596,Medium,,
2010-04-06T00:00:00.000,Brazil,-22.983,-43.1976,6023699,Small,0,
2011-07-16T00:00:00.000,Brazil,-8.0543,-34.8813,1478098,Medium,1,
2011-04-08T00:00:00.000,United States,45.563,-117.5167,1940,,0,0
2013-01-30T00:00:00.000,United States,45.5591,-123.9273,1286,,0,0
2012-03-15T00:00:00.000,United States,45.9023,-123.1429,2151,,0,0
2012-04-14T00:00:00.000,United States,42.1764,-124.3143,6336,,0,0
2014-12-24T00:00:00.000,United States,42.1876,-124.3246,6336,,0,0
2010-04-06T00:00:00.000,Brazil,-22.6567,-43.0398,31202,Medium,1,
2012-11-20T00:00:00.000,United States,42.3069,-124.4101,2253,,0,0
2010-04-06T00:00:00.000,Brazil,-22.9006,-43.0784,456456,Medium,0,
2010-08-20T00:00:00.000,Pakistan,36.3044,73.4245,0,Medium,0,
2009-07-25T00:00:00.000,China,31.483,103.5868,0,Medium,6,
2015-12-09T00:00:00.000,United States,45.88,-118.9662,2043,,0,0
2010-04-06T00:00:00.000,Brazil,-22.9131,-43.3857,147281,Medium,0,
2013-08-10T00:00:00.000,United States,44.4387,-121.9542,2038,,0,0
2014-03-28T00:00:00.000,United States,44.3729,-123.8078,2033,,0,0
2010-08-12T00:00:00.000,China,33.4008,104.9221,0,Medium,10,
2014-12-20T00:00:00.000,United States,42.3357,-124.414,2253,,0,0
2015-12-08T00:00:00.000,United States,45.9953,-122.8771,2344,,0,0
2010-08-28T00:00:00.000,Guatemala,14.7161,-89.4096,1623,Medium,0,
2016-03-15T00:00:00.000,,45.5159,-122.6993,,,0,0
2014-03-28T00:00:00.000,United States,45.7062,-123.8857,1312,,0,0
2014-03-27T00:00:00.000,United States,45.9608,-123.9244,6457,,0,0
2014-12-20T00:00:00.000,United States,44.6394,-123.7785,3465,,0,0
2015-02-06T00:00:00.000,United States,42.9633,-123.8481,2514,,0,0
2012-03-15T00:00:00.000,United States,45.1974,-123.8294,1035,,0,0
2012-12-20T00:00:00.000,United States,44.4132,-123.9032,2033,,0,0
2016-03-10T00:00:00.000,United States,44.0601,-123.8216,8466,,0,0
2007-06-25T00:00:00.000,India,14.4702,78.8205,127010,Medium,,
2007-06-11T00:00:00.000,China,22.76,113.247,0,Medium,,
2014-07-15T00:00:00.000,China,39.3602,114.6943,0,Small,0,0
2012-08-25T00:00:00.000,United States,43.6623,-123.3231,1151,,0,0
2007-11-20T00:00:00.000,,8.087754,124.534587,,Medium,,
2007-11-20T00:00:00.000,,7.37608,125.277963,,Medium,,
2015-12-20T00:00:00.000,United States,45.6654,-123.927,1312,,0,0
2016-08-06T00:00:00.000,Mexico,19.5633,-96.9479,425148,Medium,0,2
2011-08-28T00:00:00.000,Canada,45.9145,-73.4378,16738,Small,0,
2011-07-30T00:00:00.000,Philippines,13.0902,123.6273,2835,Medium,0,
2012-06-19T00:00:00.000,Philippines,17.5768,120.8896,0,Medium,,
2013-01-28T00:00:00.000,Indonesia,-7.7377,110.7387,23584,Medium,6,
2013-05-07T00:00:00.000,Malaysia,3.1564,101.7022,1453975,Medium,,
2015-12-21T00:00:00.000,United States,44.1646,-124.0097,8466,Medium,0,0
2012-12-22T00:00:00.000,United Kingdom,50.9001,0.4864,6171,Medium,,
2010-07-13T00:00:00.000,Papua New Guinea,-7.0607,147.0348,76255,Medium,0,
2013-08-01T00:00:00.000,India,34.4332,76.2851,13838,Medium,,
2015-01-14T00:00:00.000,Indonesia,2.9523,98.9765,0,Medium,0,0
2010-10-03T00:00:00.000,India,12.7796,75.5844,24931,Medium,0,
2010-07-29T00:00:00.000,India,12.896,74.8735,417387,Medium,0,
2009-09-29T00:00:00.000,Philippines,7.1904,124.5335,32932,Medium,,
2016-08-11T00:00:00.000,Saudi Arabia,17.4012,43.1666,0,Medium,0,0
2011-02-18T00:00:00.000,United States,42.9634,-123.829,2514,,0,0
2012-12-02T00:00:00.000,United States,38.7122,-122.0471,3108,Medium,,
2008-02-21T00:00:00.000,Philippines,7.8953,123.8436,4285,Medium,6,
2015-06-13T00:00:00.000,Nepal,27.7786,85.3867,1442271,Small,0,0
2010-06-05T00:00:00.000,United States,40.4127,-80.0284,4432,Small,0,
2014-11-16T00:00:00.000,Pakistan,34.7982,71.3823,0,Medium,3,1
2015-12-08T00:00:00.000,United States,45.9607,-123.9245,6457,,0,0
2010-10-09T00:00:00.000,India,25.5265,93.8673,92113,Medium,0,
2011-02-04T00:00:00.000,Philippines,8.814,125.4336,4358,Medium,1,
2014-08-26T00:00:00.000,India,31.5593,77.9277,1495,Medium,2,3
2009-10-08T00:00:00.000,Philippines,16.5713,120.7325,2288,Medium,2,
2011-06-18T00:00:00.000,New Zealand,-37.9673,177.0457,18602,Medium,1,
2016-10-09T00:00:00.000,Taiwan,22.7674,121.0448,109584,Medium,0,0
2013-10-08T00:00:00.000,Costa Rica,10.5546,-84.8955,7301,Medium,2,
2016-04-07T00:00:00.000,United States,36.6984,-82.7628,2034,Small,0,0
2011-01-25T00:00:00.000,Philippines,10.3163,123.8529,3232,Medium,0,
2009-09-12T00:00:00.000,Nepal,29.3083,81.057,23416,Medium,3,
2011-07-21T00:00:00.000,Nepal,27.703,85.3183,1442271,Medium,1,
2015-02-06T00:00:00.000,United States,40.8786,-124.077,17231,Medium,0,0
2011-07-26T00:00:00.000,Philippines,13.2959,123.4848,77122,Large,3,
2010-06-15T00:00:00.000,India,26.3335,94.5512,34021,Medium,0,
2015-08-13T00:00:00.000,Malaysia,3.1425,101.7805,1453975,Small,0,0
2015-10-19T00:00:00.000,El Salvador,13.8457,-89.7445,9936,Medium,0,1
2016-01-26T00:00:00.000,France,48.5111,5.3519,1397,Medium,1,1
2014-02-10T00:00:00.000,United Kingdom,50.7043,-3.0706,1878,small,0,0
2008-04-08T00:00:00.000,United States,40.5531,-80.0726,13470,Small,,
2014-11-25T00:00:00.000,United States,44.6573,-123.8373,3465,,0,0
2010-07-29T00:00:00.000,Trinidad and Tobago,10.6738,-61.5006,49031,Small,0,
2011-03-24T00:00:00.000,United States,33.5599,-117.54,14866,Medium,0,
2013-10-28T00:00:00.000,United States,59.6639,-151.4688,5003,Medium,0,
2014-03-30T00:00:00.000,United States,45.6408,-121.9302,1144,,0,0
2011-07-15T00:00:00.000,China,34.544345,105.682885,0,Large,13,
2015-12-30T00:00:00.000,United Kingdom,57.616,-4.69,5025,Medium,0,0
2009-09-09T00:00:00.000,Turkey,41.0124,28.9759,55548,Medium,,
2010-03-22T00:00:00.000,Australia,-31.9554,115.8468,3806,Medium,0,
2010-11-20T00:00:00.000,Colombia,7.6167,-75.3337,4987,Medium,0,
2008-06-16T00:00:00.000,China,30.5475,114.3093,4184206,Medium,,
2013-04-22T00:00:00.000,Kenya,-0.6772,34.7716,28547,Large,,
2016-09-27T00:00:00.000,Turkey,41.0863,28.7701,193750,Medium,0,0
2014-09-02T00:00:00.000,India,19.2677,73.0618,707035,Small,1,7
2013-07-10T00:00:00.000,India,19.0263,72.8676,12691836,Medium,2,1
2015-06-18T00:00:00.000,United States,35.1087,-95.6457,2739,Small,0,0
2009-09-07T00:00:00.000,Haiti,18.9523,-72.7053,66226,Medium,1,
2013-07-10T00:00:00.000,China,30.9202,103.6205,0,Medium,2,
2006-02-28T00:00:00.000,United States,47.5309,-122.2374,15645,Small,0,0
2011-05-03T00:00:00.000,United States,39.0968,-84.4086,5099,Small,0,
2010-01-12T00:00:00.000,United States,47.5455,-122.3983,13495,Small,0,
2011-05-03T00:00:00.000,United States,38.1684,-84.8703,25527,Medium,0,
2015-09-20T00:00:00.000,Canada,50.4729,-122.7103,2192,Medium,0,0
2015-12-02T00:00:00.000,United States,38.5051,-81.4752,1222,Small,0,0
2010-08-09T00:00:00.000,India,33.334,75.7627,20553,Medium,1,
2010-07-11T00:00:00.000,Nepal,27.819638,84.466525,107157,Medium,0,
2014-08-16T00:00:00.000,Japan,36.9412,136.8222,24529,Medium,1,0
2010-06-15T00:00:00.000,China,24.5629,118.0076,0,Medium,0,
2011-01-13T00:00:00.000,United States,45.9974,-123.2577,1737,,0,0
2010-05-10T00:00:00.000,Uganda,1.15,34.4,0,Medium,4,
2016-04-26T00:00:00.000,United States,43.513,-108.1842,3009,Small,0,0
2014-10-12T00:00:00.000,India,19.2046,84.1917,22264,Large,0,0
2014-07-15T00:00:00.000,China,26.6537,105.7688,0,Small,5,0
2015-12-17T00:00:00.000,United States,44.3995,-123.8499,2033,,0,0
2015-03-17T00:00:00.000,Bulgaria,43.2693,28.0252,9760,Medium,0,0
2010-08-19T00:00:00.000,United States,39.2105,-107.2343,6427,Medium,0,
2012-10-05T00:00:00.000,Yemen,13.5742,44.0141,615222,Large,8,
2010-01-15T00:00:00.000,United Kingdom,55.3752,-3.9355,1987,Small,0,
2016-06-18T00:00:00.000,Indonesia,-7.5532,109.475,31965,Medium,0,0
2010-02-09T00:00:00.000,Pakistan,34.0952,73.4942,25247,Medium,1,
2015-08-13T00:00:00.000,New Zealand,-39.9001,175.3072,40268,Medium,0,0
2013-08-13T00:00:00.000,India,30.6014,78.3449,17123,Medium,2,
2013-08-02T00:00:00.000,China,27.7482,103.8855,0,Medium,1,
2016-08-05T00:00:00.000,India,29.5866,80.2154,47571,Small,1,0
2016-04-22T00:00:00.000,Philippines,8.504,126.1736,10672,Small,3,0
2012-04-18T00:00:00.000,Trinidad and Tobago,11.2181,-60.6234,0,Medium,,
2008-10-10T00:00:00.000,United States,45.5887,-122.0698,1144,Medium,,
2011-04-10T00:00:00.000,Malaysia,6.009,116.5268,19294,Medium,0,
2015-03-18T00:00:00.000,United States,40.4115,-80.7844,3924,Small,0,0
2013-06-25T00:00:00.000,India,10.9628,77.5947,31364,Medium,0,
2015-07-19T00:00:00.000,United States,33.0742,-116.9029,20292,Small,0,0
2011-07-01T00:00:00.000,Mexico,19.5426,-96.9137,425148,Medium,0,
2015-09-17T00:00:00.000,Ireland,52.054,-9.9768,2082,Medium,0,0
2015-09-23T00:00:00.000,Malaysia,5.2885,100.2468,140849,Medium,0,0
2016-10-19T00:00:00.000,Papua New Guinea,-6.0356,144.9513,9383,Medium,0,0
2015-02-09T00:00:00.000,United States,37.2524,-122.1367,29926,Small,0,0
2015-03-24T00:00:00.000,Peru,-11.9161,-76.6791,6406,Medium,0,0
2012-03-30T00:00:00.000,United States,48.2797,-117.2665,2126,Small,0,
2012-09-04T00:00:00.000,India,19.6241,72.9084,8918,Medium,,
2008-07-18T00:00:00.000,Thailand,19.0833,101.0833,0,Medium,,
2015-12-06T00:00:00.000,United States,44.2025,-124.1133,8466,,0,0
2008-04-11T00:00:00.000,United States,43.6516,-90.857,2200,Medium,,
2016-02-15T00:00:00.000,United States,39.5874,-107.1974,9614,Medium,0,0
2009-10-04T00:00:00.000,Philippines,16.4564,120.5855,41258,Medium,5,
2010-12-15T00:00:00.000,Canada,49.0365,-122.8323,66450,Medium,0,
2014-03-26T00:00:00.000,United States,45.6202,-123.4092,1777,,0,0
2009-11-03T00:00:00.000,Kenya,0.0571,37.6561,47226,Medium,1,
2016-06-20T00:00:00.000,United States,39.4078,-105.4724,9038,Medium,0,0
2013-07-15T00:00:00.000,United States,36.0748,-81.9243,698,Medium,0,
2015-03-05T00:00:00.000,United States,39.838,-80.6061,9318,Medium,0,0
2008-04-01T00:00:00.000,Ecuador,-0.2196,-78.5347,1399814,Medium,,
2009-10-08T00:00:00.000,Philippines,16.9645,120.8147,2803,Medium,3,
2014-08-17T00:00:00.000,Japan,35.2417,135.1315,68735,Small,1,0
2011-05-11T00:00:00.000,United States,38.4458,-82.5453,2676,Small,0,
2007-02-11T00:00:00.000,Brunei,4.4999,114.6667,19151,Small,,
2008-05-30T00:00:00.000,Italy,45.7513,7.376,2982,Medium,4,
2011-12-06T00:00:00.000,Venezuela,10.4919,-66.9022,3000000,Very_large,2,
2014-02-11T00:00:00.000,Russia,60.0033,60.0021,10403,Large,0,0
2010-11-26T00:00:00.000,Fiji,-16.7324,179.3997,27949,Medium,0,
2015-07-28T00:00:00.000,India,24.5938,72.7308,24981,Small,0,0
2014-09-24T00:00:00.000,United States,43.3374,-122.766,1795,,0,0
2010-09-28T00:00:00.000,Canada,50.3413,-122.7468,2192,Medium,0,
2011-02-01T00:00:00.000,Sri Lanka,7.4678,80.6241,111701,Medium,0,
2015-10-26T00:00:00.000,Pakistan,35.2882,73.2242,0,,4,1
2013-11-16T00:00:00.000,Vietnam,15.4522,108.3927,0,Medium,,
2016-10-16T00:00:00.000,Philippines,16.7132,120.9868,0,Medium,0,0
2009-08-20T00:00:00.000,India,24.9925,93.5,7176,Medium,0,
2015-12-19T00:00:00.000,India,17.7345,83.2884,258944,Medium,4,4
2015-08-14T00:00:00.000,United Kingdom,53.8822,-0.1391,0,Small,0,0
2013-07-19T00:00:00.000,Nepal,28.2318,82.3527,5427,Medium,,
2010-04-02T00:00:00.000,Peru,-10.1258,-76.2043,6865,Large,28,
2011-12-30T00:00:00.000,United States,43.1835,-124.2066,3866,,0,0
2009-02-09T00:00:00.000,Argentina,-22.52,-63.8,60819,Medium,0,
2015-12-07T00:00:00.000,United States,45.5599,-123.8923,1286,,0,0
2013-09-09T00:00:00.000,United States,45.9608,-123.9244,6457,,0,0
2015-04-19T00:00:00.000,Malaysia,4.6366,114.937,26199,Small,0,0
2015-12-09T00:00:00.000,United States,47.7124,-122.1839,13065,Medium,0,0
2016-02-24T00:00:00.000,United States,40.4377,-80.083,5951,Small,0,0
2013-03-25T00:00:00.000,Indonesia,-6.6234,106.7087,207212,Large,,
2008-02-16T00:00:00.000,United States,37.6475,-122.4936,37234,Medium,,
2011-11-28T00:00:00.000,United States,43.4222,-124.0323,9695,,0,0
2010-01-15T00:00:00.000,Canada,49.3566,-124.3964,21150,Medium,0,
2016-07-23T00:00:00.000,India,16.0781,78.8743,24142,Medium,0,0
2011-04-17T00:00:00.000,India,34.1802,74.2718,77276,Medium,0,
2016-04-16T00:00:00.000,Japan,32.789,130.8208,29820,Small,0,0
2012-02-16T00:00:00.000,Philippines,10.7004,124.9668,2404,Medium,0,
2013-07-18T00:00:00.000,United States,37.1629,-111.373,7247,Medium,0,
2015-06-29T00:00:00.000,Nepal,27.4916,85.4416,27602,Medium,0,0
2015-11-23T00:00:00.000,Panama,8.7868,-82.8662,1908,Medium,0,0
2010-10-20T00:00:00.000,United States,33.4552,-117.6667,33351,Small,0,
2015-11-11T00:00:00.000,Turkey,41.1795,41.8196,24266,Medium,1,0
2014-12-12T00:00:00.000,Indonesia,-7.2964,109.7189,92990,Medium,108,14
2012-11-30T00:00:00.000,Pakistan,33.908,73.9339,0,Medium,15,
2007-08-12T00:00:00.000,Uganda,1.0439,34.2583,0,Medium,,
2014-03-18T00:00:00.000,United States,46.1951,-123.7746,9477,,0,0
2011-06-25T00:00:00.000,Canada,55.1106,-121.7879,2454,Medium,0,
2013-07-14T00:00:00.000,United States,35.9242,-81.6747,4051,Medium,0,
2011-07-21T00:00:00.000,China,32.6625,103.6056,0,Medium,0,
2013-09-03T00:00:00.000,Nepal,28.4505,83.342,23296,Medium,0,4
2015-05-22T00:00:00.000,United States,44.5932,-120.2621,473,,0,0
2009-12-18T00:00:00.000,United States,31.1345,-89.2276,2175,Small,0,
2013-08-04T00:00:00.000,India,26.284,94.5808,34021,Medium,,
2016-04-01T00:00:00.000,United Kingdom,50.732161,-1.278137,0,Small,0,0
2013-10-16T00:00:00.000,Japan,34.7476,139.3785,71578,Very_large,39,
2013-07-05T00:00:00.000,China,29.2425,102.3679,0,Large,,
2009-09-27T00:00:00.000,Philippines,14.6759,121.2397,5666,Medium,17,
2010-03-21T00:00:00.000,Fiji,-18.109,178.438,77366,Small,0,
2013-07-03T00:00:00.000,India,15.4123,74.2664,8330,Medium,0,
2009-08-27T00:00:00.000,India,25.1718,93.123,7176,Medium,,
2014-02-12T00:00:00.000,United States,43.6165,-122.1355,3205,,0,0
2016-01-23T00:00:00.000,United States,45.9951,-122.877,2344,,0,0
2010-08-03T00:00:00.000,Colombia,8.4418,-73.2665,2080,Medium,4,
2013-06-17T00:00:00.000,Nepal,29.722,80.5118,18317,Medium,,
2010-12-22T00:00:00.000,United States,33.7465,-117.7349,24917,Medium,0,
2010-03-13T00:00:00.000,Indonesia,-0.4755,100.3508,0,Medium,1,5
2013-09-12T00:00:00.000,United States,43.3877,-115.5441,14206,Medium,0,
2010-08-19T00:00:00.000,India,24.8961,93.4957,223523,Medium,0,
2013-06-25T00:00:00.000,India,10.9628,77.5947,31364,Medium,0,
2009-10-08T00:00:00.000,Philippines,16.9643,120.8163,2803,Medium,50,
2011-11-15T00:00:00.000,Philippines,8.5138,123.3022,4172,Medium,0,
2012-10-21T00:00:00.000,United States,44.7971,-123.8976,2449,,0,0
2010-07-24T00:00:00.000,Vietnam,22.6966,104.5595,0,Medium,1,
2016-01-23T00:00:00.000,United States,46.9241,-120.5021,18174,Medium,0,0
2014-04-17T00:00:00.000,United States,43.4756,-110.7826,9577,Small,0,0
2013-08-19T00:00:00.000,Philippines,16.7437,120.8269,6192,Medium,,
2011-01-17T00:00:00.000,Norway,60.0613,6.5483,5359,Medium,0,
2009-10-02T00:00:00.000,India,14.7812,74.499,14540,Large,24,
2007-10-29T00:00:00.000,Dominican Republic,18.427,-70.044,66784,Medium,3,
2014-08-21T00:00:00.000,United States,42.8147,-74.5965,2229,Small,0,0
2015-08-21T00:00:00.000,Philippines,16.5132,120.8246,0,Medium,0,0
2003-11-09T00:00:00.000,United States,48.7074,-121.1267,1347,Large,0,0
2011-05-08T00:00:00.000,Colombia,6.0061,-72.924,5411,Medium,0,
2012-09-19T00:00:00.000,India,27.6558,88.605,1464,Large,,
2014-04-08T00:00:00.000,United States,40.4381,-80.0176,305704,Medium,0,0
2012-10-30T00:00:00.000,United States,45.2224,-123.8754,1035,,0,0
2007-05-01T00:00:00.000,Indonesia,-2.6857,118.8947,15000,Medium,30,
2014-03-13T00:00:00.000,Colombia,3.5181,-76.2244,247986,Large,2,2
2011-04-15T00:00:00.000,United States,41.5487,-124.0613,2436,Small,0,
2010-01-01T00:00:00.000,Australia,-37.5803,145.2737,20214,Medium,0,
2007-02-11T00:00:00.000,Fiji,-18.0167,177.55,42284,Medium,,
2013-10-07T00:00:00.000,Philippines,9.7534,122.4786,3433,Large,0,
2012-07-17T00:00:00.000,United States,48.7195,-113.7188,4688,Medium,,
2013-01-09T00:00:00.000,United States,48.9511,-122.7756,8413,Medium,,
2009-11-05T00:00:00.000,Vietnam,15.5721,108.4671,59000,Large,13,
2010-04-06T00:00:00.000,Brazil,-22.8929,-43.1124,456456,Medium,0,
2007-09-02T00:00:00.000,Mexico,24.9531,-107.622,3191,Medium,3,
2012-08-30T00:00:00.000,Philippines,8.4984,123.3032,4172,Medium,7,
2014-02-18T00:00:00.000,United States,45.6542,-121.5491,2255,,0,0
2016-09-01T00:00:00.000,United States,33.7946,-110.5052,1713,Medium,0,0
2008-05-22T00:00:00.000,Chile,-34.103,-70.4516,27595,Medium,3,
2009-11-24T00:00:00.000,Philippines,8.5419,124.763,30390,Medium,0,
2013-09-06T00:00:00.000,United States,33.1697,-116.565,1502,Medium,0,
2016-06-10T00:00:00.000,Nepal,29.4596,82.0446,9073,Medium,,
2008-01-16T00:00:00.000,Malaysia,4.4606,101.3941,7000,Medium,2,
2014-10-12T00:00:00.000,India,19.1008,84.0502,22264,Medium,0,0
2010-10-21T00:00:00.000,Taiwan,24.5436,121.8279,94188,Medium,9,
2011-02-15T00:00:00.000,Peru,-13.8158,-70.2659,0,Medium,,
2011-03-31T00:00:00.000,Canada,49.0022,-122.7576,4684,Small,0,
2015-07-10T00:00:00.000,Tajikistan,39.0712,70.4275,10771,Medium,0,0
2014-09-15T00:00:00.000,Bulgaria,41.5702,24.7372,32069,Large,0,0
2016-08-05T00:00:00.000,India,33.0068,74.9455,9106,Medium,5,8
2016-09-01T00:00:00.000,United States,37.9767,-82.0318,1256,Small,0,0
2015-01-29T00:00:00.000,India,28.5714,77.2135,317797,Small,1,3
2015-10-02T00:00:00.000,United States,45.8569,-118.9066,16612,,0,0
2014-04-12T00:00:00.000,United States,43.4825,-73.7946,3103,Small,0,0
2010-08-30T00:00:00.000,Philippines,16.3453,120.5567,0,Medium,0,
2011-04-17T00:00:00.000,Indonesia,-7.7819,112.3245,22871,Large,10,
2015-10-21T00:00:00.000,Honduras,13.7645,-87.434,1817,Medium,0,0
2013-01-27T00:00:00.000,Turkey,37.9152,40.2306,644763,Large,7,
2011-04-17T00:00:00.000,Pakistan,35.6562,74.9448,0,Medium,0,
2011-06-28T00:00:00.000,United States,45.4479,-123.9572,4935,,0,0
2013-07-07T00:00:00.000,India,31.703,76.936,28217,Medium,,
2011-03-24T00:00:00.000,United States,37.5742,-122.5159,2909,Small,0,
2012-04-18T00:00:00.000,Trinidad and Tobago,11.1807,-60.7651,17000,Medium,,
2011-07-03T00:00:00.000,United States,39.0928,-84.1857,1509,Large,0,
2016-10-02T00:00:00.000,New Zealand,-37.1577,175.6348,7136,Small,0,0
2008-01-06T00:00:00.000,United States,44.0302,-123.8405,8466,Small,,
2012-03-30T00:00:00.000,United States,42.1077,-122.6009,20078,,0,0
2014-08-14T00:00:00.000,Nepal,28.3466,85.0058,0,Medium,0,0
2012-02-22T00:00:00.000,United States,47.962,-122.2221,103019,Medium,0,
2010-08-27T00:00:00.000,Ukraine,44.9688,33.6051,2573,Medium,2,
2012-05-31T00:00:00.000,Georgia,42.0835,44.7,3446,Large,,
2008-06-09T00:00:00.000,India,24.6596,93.9784,44493,Medium,,
2011-08-14T00:00:00.000,Nepal,29.2385,81.7285,20908,Medium,0,
2007-12-16T00:00:00.000,United States,40.3875,-79.7569,3174,Medium,3,
2014-01-14T00:00:00.000,Indonesia,1.3801,124.8238,0,Large,8,1
2010-11-16T00:00:00.000,Vietnam,15.608,107.9887,0,Medium,0,
2012-11-21T00:00:00.000,United States,42.279,-124.4045,2253,,0,0
2010-08-19T00:00:00.000,United States,39.191,-107.2774,6427,Medium,0,
2014-01-12T00:00:00.000,Philippines,7.6,125.9667,16671,Medium,0,0
2010-09-11T00:00:00.000,India,30.7059,76.9844,32162,Medium,0,
2014-06-26T00:00:00.000,Canada,49.9747,-94.3946,1026,Small,0,0
2009-04-15T00:00:00.000,United States,40.7676,-111.7669,10062,Small,0,
2007-02-25T00:00:00.000,United States,45.5259,-122.7066,583776,Small,0,0
2010-12-11T00:00:00.000,United States,45.6334,-121.3359,1855,Small,0,
2016-06-16T00:00:00.000,Kyrgyzstan,41.48,72.3077,23594,Medium,0,0
2013-08-01T00:00:00.000,United States,44.9719,-116.8583,839,,0,0
2016-09-27T00:00:00.000,Ghana,6.1699,-0.279,96266,Medium,0,0
2016-06-03T00:00:00.000,United States,32.5348,-97.835,2755,Medium,0,0
2012-06-10T00:00:00.000,India,24.8142,93.5444,223523,Very_large,,
2015-08-08T00:00:00.000,Nepal,27.7185,83.47,23693,Medium,3,0
2011-02-23T00:00:00.000,India,30.4749,79.2293,2000,Medium,0,
2008-05-02T00:00:00.000,Norway,61.9934,9.2307,439,Medium,,
2016-01-21T00:00:00.000,United States,45.5617,-123.9343,1286,,0,0
2007-07-13T00:00:00.000,Philippines,8.9697,125.5593,309709,Medium,,
2014-07-19T00:00:00.000,United States,38.9398,-105.0175,1655,Small,0,0
2012-01-15T00:00:00.000,Philippines,7.192858,125.969436,2221,Medium,,
2011-01-16T00:00:00.000,United States,44.7515,-122.2829,1855,,0,0
2011-03-14T00:00:00.000,United States,48.3439,-122.3536,31743,Medium,0,
2015-07-07T00:00:00.000,United States,37.8514,-107.7791,2325,Medium,0,0
2011-05-03T00:00:00.000,United States,38.1825,-84.8757,25527,Small,0,
2012-01-19T00:00:00.000,United States,45.239,-123.1608,3742,,0,0
2012-01-19T00:00:00.000,United States,45.3828,-122.5715,11497,Small,0,
2013-09-16T00:00:00.000,Costa Rica,10.1648,-84.1933,1015,Medium,,
2010-11-16T00:00:00.000,Colombia,4.7608,-74.0214,10175,Medium,4,
2008-11-20T00:00:00.000,Philippines,7.8166,126.05,51393,Medium,6,
2008-07-24T00:00:00.000,South Korea,38.122,128,24027,Medium,3,
2013-08-17T00:00:00.000,China,23.5134,111.0843,0,Medium,1,
2014-02-12T00:00:00.000,United States,45.9605,-123.1673,2151,,0,0
2014-07-04T00:00:00.000,Myanmar [Burma],25.6157,96.3167,90894,Large,70,100
2016-07-31T00:00:00.000,Nepal,28.0095,83.8669,21867,,40,20
2008-12-31T00:00:00.000,United States,21.3302,-157.8143,371657,Small,,
2015-01-12T00:00:00.000,Indonesia,-7.4343,110.2707,111461,Small,0,3
2010-06-22T00:00:00.000,Bulgaria,42.7845,26.945,3834,Medium,0,
2008-07-17T00:00:00.000,Taiwan,22.63,120.35,0,Medium,7,
2016-06-16T00:00:00.000,Kyrgyzstan,41.4873,72.3313,23594,Medium,0,0
2009-08-16T00:00:00.000,China,28.4517,119.9169,98946,Medium,3,
2010-06-06T00:00:00.000,United Kingdom,52.9523,-1.1277,246654,Medium,0,
2013-07-26T00:00:00.000,China,34.6987,105.7155,0,Very_large,6,
2010-05-26T00:00:00.000,Austria,47.6137,16.2389,0,Medium,1,
2015-12-08T00:00:00.000,,46.1947,-123.7669,,,0,0
2012-08-13T00:00:00.000,China,29.9816,103.0129,0,Medium,1,
2008-05-06T00:00:00.000,United Kingdom,50.729,-2.9383,4504,Medium,,
2009-08-18T00:00:00.000,Bhutan,27.044,89.5744,2855,Medium,1,
2013-03-25T00:00:00.000,Indonesia,-6.9758,108.1008,0,Large,,
2007-09-13T00:00:00.000,India,26.1833,91.8,2000,Medium,,
2012-03-13T00:00:00.000,United States,44.0327,-123.8565,8466,,0,0
2016-07-08T00:00:00.000,Georgia,41.5951,41.9385,0,Small,0,0
2011-11-16T00:00:00.000,Philippines,11.5375,122.3749,2600,Medium,1,
2013-08-23T00:00:00.000,United States,43.6612,-118.9999,2806,,0,0
2014-06-26T00:00:00.000,India,28.9205,95.3429,0,Medium,0,0
2016-08-07T00:00:00.000,United States,48.3163,-115.5805,2628,Small,1,1
2013-05-29T00:00:00.000,United States,39.9141,-91.411,40633,Small,0,
2010-11-29T00:00:00.000,Venezuela,10.6144,-66.5806,191903,Medium,0,
2013-10-06T00:00:00.000,India,15.6365,74.1158,8330,Medium,0,
2010-12-21T00:00:00.000,United States,34.1608,-117.2959,10644,Small,0,
2009-11-17T00:00:00.000,Canada,49.0229,-122.8001,66450,Small,0,
2013-06-19T00:00:00.000,Canada,50.146,-116.9567,1706,Medium,0,
2010-08-06T00:00:00.000,India,34.1482,77.5971,37475,Large,0,
2011-08-29T00:00:00.000,India,18.9774,72.8102,12691836,Medium,1,3
2016-09-25T00:00:00.000,Georgia,41.8362,41.887,2061,Medium,0,0
2012-10-19T00:00:00.000,Ghana,5.5779,-0.9992,50293,Medium,,
2010-04-25T00:00:00.000,Vietnam,22.7662,104.9389,32690,Medium,3,
2009-12-12T00:00:00.000,United States,34.2716,-118.0282,10917,Small,0,
2010-07-29T00:00:00.000,Pakistan,35.3585,75.6355,2100,Medium,0,
2011-06-28T00:00:00.000,India,25.035617,94.014421,223523,Medium,,
2011-03-04T00:00:00.000,Italy,37.8762,15.1933,587,Medium,0,
2012-06-19T00:00:00.000,Indonesia,-3.6551,128.1663,355596,Large,11,
2011-05-08T00:00:00.000,Costa Rica,10.1118,-83.9793,1355,Medium,0,
2010-09-19T00:00:00.000,India,31.4582,78.2114,1495,Medium,0,
2015-02-12T00:00:00.000,United States,43.6828,-123.6691,1151,,0,0
2016-06-24T00:00:00.000,Thailand,7.6039,99.2821,0,Medium,0,0
2016-10-01T00:00:00.000,Nepal,27.7759,85.8701,1600,Medium,3,2
2015-07-14T00:00:00.000,United States,36.2032,-82.4673,6097,Small,0,0
2010-10-18T00:00:00.000,Philippines,17.5396,120.9956,0,Medium,0,
2010-04-13T00:00:00.000,United States,21.1589,-156.9621,2027,Medium,0,
2008-04-16T00:00:00.000,Jamaica,18.4054,-77.1007,9450,Medium,,
2009-11-01T00:00:00.000,Israel,32.0823,34.9364,39215,Medium,2,
2011-07-27T00:00:00.000,Philippines,7.8328,123.4299,186852,Medium,0,
2016-08-06T00:00:00.000,China,39.7814,118.0646,65150,Medium,5,1
2015-03-10T00:00:00.000,India,32.5612,76.1238,21502,Medium,0,0
2011-02-02T00:00:00.000,Philippines,9.543,125.4427,2279,Medium,3,
2010-04-06T00:00:00.000,Brazil,-23.0289,-43.489,147281,Medium,0,
2011-05-31T00:00:00.000,India,25.1555,93.8474,223523,Small,0,
2013-10-23T00:00:00.000,Malaysia,4.4202,101.3932,7000,Medium,4,1
2011-02-14T00:00:00.000,Ecuador,-0.6549,-78.874,3778,Medium,2,
2011-04-29T00:00:00.000,Ecuador,-0.2633,-78.5061,1399814,Medium,0,1
2012-03-01T00:00:00.000,Australia,-36.7056,146.8154,1100,Medium,0,
2010-03-31T00:00:00.000,United States,45.5832,-122.7689,14546,Small,0,
2015-07-16T00:00:00.000,Nepal,28.1996,84.0011,200000,Medium,1,12
2011-07-02T00:00:00.000,Nepal,29.0396,81.2519,0,Medium,3,
2013-12-21T00:00:00.000,United States,40.5276,-79.7953,1746,Small,0,
2012-01-19T00:00:00.000,United States,45.5137,-122.7297,8001,Small,0,
2009-08-20T00:00:00.000,India,27.1761,88.5287,4026,Medium,0,
2013-01-08T00:00:00.000,Fiji,-18.0208,178.515,77366,Medium,,
2015-11-06T00:00:00.000,United States,44.1247,-124.1257,8466,,0,0
2007-07-02T00:00:00.000,India,33.244313,75.227421,7317,Medium,,
2008-11-30T00:00:00.000,Malaysia,3.2289,101.7111,1453975,Medium,2,
2009-02-25T00:00:00.000,Indonesia,-7.9115,112.343,0,Medium,0,
2015-06-03T00:00:00.000,Costa Rica,9.9451,-84.3678,7014,Medium,0,0
2014-12-11T00:00:00.000,United States,39.0182,-122.5716,15250,Small,0,0
2013-08-21T00:00:00.000,Laos,19.8981,101.1396,0,Very_large,16,
2012-03-20T00:00:00.000,Philippines,11.7833,124.8834,68081,Medium,0,
2016-02-25T00:00:00.000,United States,36.1718,-82.0016,1360,Medium,0,0
2014-09-06T00:00:00.000,India,32.8468,75.137,80447,Medium,5,0
2013-05-13T00:00:00.000,United States,36.6195,-83.9526,2355,Medium,,
2013-01-16T00:00:00.000,United States,35.6706,-82.5955,6123,Medium,,
2013-07-28T00:00:00.000,United States,40.6124,-105.2801,2450,Medium,,
2010-09-13T00:00:00.000,India,32.3109,77.2195,8341,Medium,0,
2010-09-20T00:00:00.000,India,31.944,77.1179,19831,Medium,0,
2013-07-29T00:00:00.000,India,32.9918,75.1945,80447,Medium,,
2013-09-19T00:00:00.000,United States,37.335,-107.8397,16887,Medium,0,
2008-07-13T00:00:00.000,United States,37.25,-107.87,16887,Medium,,
2013-08-07T00:00:00.000,India,10.0606,76.6331,37543,Medium,0,
2015-09-05T00:00:00.000,South Africa,-25.8451,28.0851,233386,Small,0,0
2016-07-30T00:00:00.000,Nepal,27.5269,85.5641,27602,Small,1,2
2015-12-28T00:00:00.000,United States,32.6791,-97.2405,12355,Small,0,0
2016-03-29T00:00:00.000,United States,44.122,-116.1117,485,Medium,0,0
2015-03-05T00:00:00.000,India,34.2092,74.321,77276,Medium,0,0
2013-08-19T00:00:00.000,Philippines,16.6052,120.6311,0,Medium,,
2014-07-10T00:00:00.000,Iceland,65.9794,-21.4541,2624,Small,0,0
2015-09-27T00:00:00.000,Nicaragua,13.4058,-86.6122,1257,Medium,0,0
2011-06-29T00:00:00.000,Canada,49.305,-121.6494,4738,Large,0,
2011-07-03T00:00:00.000,Nepal,27.21819,86.919138,3250,Medium,0,
2013-07-20T00:00:00.000,United States,33.6859,-117.6656,11698,Small,0,
2014-10-17T00:00:00.000,Myanmar [Burma],20.7844,97.0235,160115,Medium,5,3
2009-08-19T00:00:00.000,Nepal,26.908,87.9258,17491,Medium,4,
2008-09-22T00:00:00.000,Philippines,16.379,120.6,272714,Medium,,
2014-12-22T00:00:00.000,United States,21.4329,-157.9254,13730,Medium,0,0
2016-07-20T00:00:00.000,United States,38.009,-108.0462,1320,Medium,0,0
2013-07-07T00:00:00.000,India,31.7017,76.973,28217,Medium,,
2011-03-14T00:00:00.000,United States,44.4017,-123.8213,2033,Medium,0,
2016-07-09T00:00:00.000,Philippines,14.8489,120.2652,221178,,0,0
2015-07-08T00:00:00.000,United States,36.7069,-105.4304,1770,Medium,0,0
2013-05-28T00:00:00.000,Philippines,8.4966,123.3034,4172,Medium,4,
2016-07-20T00:00:00.000,United States,37.9939,-108.0216,1320,Medium,0,0
2015-08-01T00:00:00.000,India,31.0358,78.8578,17123,Medium,0,1
2013-07-01T00:00:00.000,United States,39.1226,-84.4756,5338,Small,0,
2011-12-18T00:00:00.000,Indonesia,-7.3644,109.9022,92990,Large,11,
2010-05-20T00:00:00.000,Indonesia,-7.0727,107.9422,0,Medium,0,
2010-09-04T00:00:00.000,India,27.3702,88.7334,30700,Medium,0,
2012-04-11T00:00:00.000,New Zealand,-43.6028,172.7141,363926,Medium,0,
2011-11-04T00:00:00.000,Indonesia,-6.9697,106.7233,0,Medium,0,
1998-12-28T00:00:00.000,United States,44.4311,-123.5356,4584,Small,0,0
2014-10-17T00:00:00.000,Malaysia,2.7229,101.9421,372917,Small,0,0
2009-12-12T00:00:00.000,United States,39.4052,-90.9836,3364,Small,0,
2011-07-02T00:00:00.000,Nepal,27.9939,84.094,21867,Medium,0,
2010-04-06T00:00:00.000,Brazil,-22.82,-43.1789,6023699,Medium,0,
2007-09-07T00:00:00.000,Nepal,27.5964,85.1114,44632,Medium,9,
2015-02-07T00:00:00.000,United States,43.0034,-123.7092,5379,,0,0
2016-07-13T00:00:00.000,United States,39.341296,-120.34422,16180,Small,0,0
2014-02-22T00:00:00.000,United States,37.5927,-82.8679,3255,Medium,0,0
2011-07-20T00:00:00.000,India,27.1141,88.4658,43000,Small,0,
2014-11-23T00:00:00.000,United States,45.8859,-118.9699,2043,,0,0
2010-05-19T00:00:00.000,Sri Lanka,6.686,80.3874,47832,Medium,0,
2014-12-11T00:00:00.000,United States,38.9608,-122.8275,3353,Small,0,0
2013-02-22T00:00:00.000,Philippines,8.4966,123.3034,4172,Medium,4,
2010-04-07T00:00:00.000,China,29.5248,103.3545,0,Large,14,
2015-03-15T00:00:00.000,India,33.6846,74.2453,28197,Medium,1,0
2008-05-02T00:00:00.000,Vietnam,11.8861,108.2058,197000,Medium,,
2011-03-09T00:00:00.000,United States,43.1372,-79.0415,2701,Small,0,
2011-10-14T00:00:00.000,Nigeria,6.0672,7.4833,23175,Large,0,
2009-08-23T00:00:00.000,Uganda,-1.2355,29.9832,43500,Medium,5,
2011-12-27T00:00:00.000,Indonesia,0.8292,127.3641,101731,Large,3,
2011-09-17T00:00:00.000,Nepal,28.3875,82.6474,5427,Medium,7,
2013-09-02T00:00:00.000,United States,39.9565,-111.2388,7979,Medium,0,
2015-12-11T00:00:00.000,United States,46.0205,-122.8777,2344,,0,0
2015-08-14T00:00:00.000,,27.4373,90.4678,,Medium,5,0
2010-06-15T00:00:00.000,India,25.2269,93.1658,7176,Medium,0,
2016-03-25T00:00:00.000,United States,44.5986,-123.5252,4584,,0,0
2014-06-23T00:00:00.000,Vietnam,20.4516,105.1433,0,Medium,0,0
2011-06-10T00:00:00.000,Norway,61.3285,10.3174,859,Medium,0,
2012-02-26T00:00:00.000,United States,21.9304,-159.5036,2363,Small,0,
2012-12-18T00:00:00.000,Sri Lanka,7.5694,80.5284,28571,Medium,6,
2013-09-07T00:00:00.000,United States,40.2464,-111.6276,112488,Medium,0,
2011-05-14T00:00:00.000,United States,45.5317,-122.2571,14095,,0,0
2013-01-11T00:00:00.000,China,27.4489,104.8748,0,Very_large,46,
2012-04-08T00:00:00.000,Indonesia,-7.2732,109.3203,42394,Medium,0,
2013-08-02T00:00:00.000,United States,44.8387,-119.7977,473,,0,0
2008-08-22T00:00:00.000,Philippines,6.133,125.0245,4467,Medium,,
2015-09-04T00:00:00.000,United States,43.6091,-115.2605,416,Medium,0,0
2009-09-13T00:00:00.000,Philippines,14.2138,121.0105,4046,Medium,2,
2016-07-28T00:00:00.000,India,25.8702,94.7844,29499,Medium,0,0
2009-07-02T00:00:00.000,Nepal,27.9447,84.2279,0,Medium,2,
2011-02-13T00:00:00.000,India,33.3037,75.1827,3278,Medium,0,
2010-10-01T00:00:00.000,Haiti,18.4468,-72.4577,442156,Medium,3,
2008-06-21T00:00:00.000,Philippines,6.2189,124.6815,21767,Medium,1,
2008-08-09T00:00:00.000,China,22.8833,104.5333,63569,Medium,4,
2012-03-15T00:00:00.000,United States,36.8871,-83.4601,1461,Small,0,
2010-08-19T00:00:00.000,United States,40.5093,-111.8316,42274,Medium,0,
2013-12-27T00:00:00.000,United States,37.8765,-81.5076,1394,Medium,0,
2009-08-26T00:00:00.000,India,27.3746,88.7648,30700,Medium,,
2016-04-04T00:00:00.000,India,34.4002,74.2798,63035,Small,0,0
2013-03-13T00:00:00.000,United Kingdom,51.9565,0.9666,1633,Medium,,
2013-05-12T00:00:00.000,India,24.9926,93.4946,7176,Medium,,
2013-10-16T00:00:00.000,India,30.5345,79.0853,2571,Medium,0,
2016-06-28T00:00:00.000,Japan,31.808,130.6,22997,Medium,0,1
2014-03-13T00:00:00.000,Lebanon,33.8745,35.65,5000,Medium,1,3
2013-08-09T00:00:00.000,Japan,39.4394,141.192,73115,Medium,1,
2014-12-04T00:00:00.000,United States,33.0938,-117.1375,143911,Small,0,0
2010-04-06T00:00:00.000,Brazil,-22.9463,-43.2103,6023699,Medium,0,
2015-04-05T00:00:00.000,India,33.9243,74.6163,8036,Medium,0,0
2016-05-22T00:00:00.000,Taiwan,22.7496,120.685,0,Small,0,0
2016-03-26T00:00:00.000,Afghanistan,34.9376,70.754,0,Medium,4,0
2011-05-30T00:00:00.000,Japan,39.407,141.7315,16497,Small,0,
2011-08-22T00:00:00.000,Nepal,28.3594,82.1279,0,Medium,2,
2011-07-04T00:00:00.000,Philippines,7.9436,125.2441,83591,Medium,5,3
2012-04-24T00:00:00.000,United States,44.9135,-120.4526,473,,0,0
2011-06-29T00:00:00.000,India,30.7666,78.7963,17123,Medium,0,
2011-03-12T00:00:00.000,United States,45.3958,-122.4635,10539,,0,0
2009-05-26T00:00:00.000,India,27.0095,88.2592,123797,Medium,6,
2013-03-12T00:00:00.000,United States,40.6634,-75.231,1257,Medium,0,
2008-11-07T00:00:00.000,China,28.715,113.587,0,Medium,6,
2008-10-20T00:00:00.000,Honduras,14.108,-87.2137,850848,Large,29,
2011-08-12T00:00:00.000,India,27.44,92.2833,7121,Medium,0,
2010-06-15T00:00:00.000,Bangladesh,21.1899,92.1571,253788,Medium,4,
2010-06-03T00:00:00.000,India,24.6005,92.3814,31031,Medium,2,
2010-04-12T00:00:00.000,Dominica,15.2892,-61.2642,1332,Small,0,
2010-06-30T00:00:00.000,Nepal,27.6063,87.2196,22903,Medium,0,
2012-05-26T00:00:00.000,United States,45.6518,-123.312,1777,,0,0
2015-12-09T00:00:00.000,United States,46.0411,-123.2481,1737,,0,0
2010-02-04T00:00:00.000,Mexico,19.1927,-99.8654,2968,Large,11,
2011-05-10T00:00:00.000,Philippines,16.3273,120.5753,2653,Medium,0,
2015-02-14T00:00:00.000,Sri Lanka,7.1855,80.7675,111701,Small,0,0
2011-05-20T00:00:00.000,United States,40.4407,-79.9928,305704,Small,0,
2011-07-09T00:00:00.000,India,30.7331,79.0685,2000,Medium,0,
2015-12-13T00:00:00.000,United States,42.66,-122.6995,2904,,0,0
2014-12-20T00:00:00.000,United States,45.7063,-123.8857,1312,,0,0
2012-11-19T00:00:00.000,United States,44.4058,-123.95,2033,,0,0
2016-07-03T00:00:00.000,India,19.336,73.7793,25997,Medium,0,0
2010-12-29T00:00:00.000,United States,33.8763,-117.6602,152374,Small,0,
2012-12-25T00:00:00.000,Trinidad and Tobago,11.3169,-60.55,0,Medium,,
2009-12-09T00:00:00.000,United States,35.0672,-85.3697,167674,Small,0,
2015-03-10T00:00:00.000,Montenegro,42.3153,18.8587,2989,Medium,0,0
2007-01-05T00:00:00.000,Brazil,-22.282346,-42.536362,153361,Large,7,
2011-07-03T00:00:00.000,Nepal,27.7394,83.5754,91733,Medium,2,
2014-09-19T00:00:00.000,Nepal,28.285,83.8521,200000,Medium,0,0
2012-12-04T00:00:00.000,United States,43.6691,-123.9253,4154,,0,0
2008-12-22T00:00:00.000,United States,48.3438,-124.518,3532,Small,,
2014-02-10T00:00:00.000,United Kingdom,51.2717,-0.8823,34218,Large,0,0
2014-06-14T00:00:00.000,Brazil,-5.7897,-35.1916,763043,Small,0,0
2014-07-17T00:00:00.000,China,31.5751,103.7281,0,Medium,11,19
2014-12-12T00:00:00.000,United States,34.1542,-117.9058,46361,Small,0,0
2011-02-21T00:00:00.000,United States,44.3562,-123.7155,2033,,0,0
2016-07-07T00:00:00.000,India,10.0545,78.0298,11400,Small,3,1
2014-07-24T00:00:00.000,Indonesia,-7.2643,108.2036,0,Small,0,0
2015-03-28T00:00:00.000,India,33.0186,75.2405,1242,Medium,0,0
2007-07-10T00:00:00.000,Philippines,7.8098,125.4498,0,Medium,,
2012-09-01T00:00:00.000,United States,40.3309,-111.9045,17781,Medium,,
2013-11-09T00:00:00.000,Indonesia,2.7982,98.7883,0,Medium,4,
2013-05-15T00:00:00.000,New Zealand,-36.9516,174.57,3330,Medium,0,0
2016-09-06T00:00:00.000,Nigeria,6.6265,3.3561,0,Medium,1,0
2010-11-04T00:00:00.000,Philippines,16.3071,121.9836,0,Medium,0,
2016-02-17T00:00:00.000,Peru,-11.5589,-74.1365,0,Large,0,25
2014-09-04T00:00:00.000,India,33.798,74.2562,28197,Medium,1,0
2009-11-21T00:00:00.000,Indonesia,-7.7434,111.5441,186099,Medium,2,
2008-09-24T00:00:00.000,China,31.073834,103.49287,0,Medium,,
2015-08-17T00:00:00.000,Philippines,7.6483,125.6118,4894,Medium,0,0
2012-09-06T00:00:00.000,South Africa,-29.7826,30.8331,15000,Medium,,
2011-02-13T00:00:00.000,India,33.577,74.1872,3857,Medium,0,
2008-07-10T00:00:00.000,China,37.39,112.49,0,Medium,5,
2014-12-27T00:00:00.000,Malaysia,4.0072,103.2747,366229,Medium,0,0
2016-10-15T00:00:00.000,India,27.1695,88.3664,1147,Medium,0,0
2010-06-27T00:00:00.000,India,12.893075,74.885673,417387,Medium,0,
2012-08-29T00:00:00.000,China,25.9548,104.5178,0,Medium,,
2010-11-04T00:00:00.000,Costa Rica,8.9896,-83.3438,3850,Medium,0,
2007-06-11T00:00:00.000,China,28.0333,102.8667,0,Medium,,
2015-06-27T00:00:00.000,Bangladesh,21.444,92.1117,253788,Small,1,0
2016-10-15T00:00:00.000,Philippines,14.4544,121.1982,219204,Medium,3,1
2009-03-02T00:00:00.000,Peru,-13.917,-70.233,0,Large,10,
2014-03-26T00:00:00.000,United States,45.6236,-123.3758,1777,,0,0
2011-06-09T00:00:00.000,Philippines,15.728,121.5989,0,Medium,0,
2014-12-20T00:00:00.000,United States,45.4922,-123.6863,4935,,0,0
2010-04-18T00:00:00.000,Jamaica,18.1865,-76.5029,14400,Medium,0,
2013-06-24T00:00:00.000,India,30.4091,79.0579,2571,Medium,0,
2008-11-22T00:00:00.000,United States,21.555,-158.2475,1341,Medium,,
2016-05-02T00:00:00.000,United States,37.7123,-82.3079,3191,Medium,0,0
2011-08-22T00:00:00.000,Philippines,10.316,123.8804,798634,Medium,1,
2013-12-11T00:00:00.000,Brazil,-22.9011,-43.4438,147281,Medium,,2
2011-01-12T00:00:00.000,United States,21.3895,-158.137,12666,Small,0,
2007-08-25T00:00:00.000,China,27.32,103.72,109400,Medium,14,
2011-03-14T00:00:00.000,United States,38.6929,-123.428,1305,Small,0,
2013-08-05T00:00:00.000,India,10.0539,76.8298,25436,Medium,5,
2010-12-30T00:00:00.000,Brazil,-20.073,-41.1197,13543,Medium,3,
2013-07-29T00:00:00.000,India,32.9918,75.1945,80447,Small,,
2011-04-14T00:00:00.000,United States,40.3782,-79.9213,1929,Medium,0,
2015-07-30T00:00:00.000,Nepal,28.2656,83.8188,200000,Medium,6,13
2011-03-21T00:00:00.000,United States,34.4399,-119.6615,8965,Small,0,
2013-06-18T00:00:00.000,India,19.0811,73.0226,2600000,Medium,3,2
2007-08-26T00:00:00.000,India,25.2946,92.8339,39982,Medium,,
2011-03-20T00:00:00.000,United States,34.0497,-118.8053,12645,Small,0,
2011-12-02T00:00:00.000,Trinidad and Tobago,10.1359,-61.444,12281,Small,0,
2012-06-23T00:00:00.000,Nepal,29.3588,81.31,0,Medium,3,
2013-09-16T00:00:00.000,Mexico,19.7615,-97.2422,15800,Medium,12,8
2011-01-20T00:00:00.000,United States,44.9235,-123.0549,154637,Medium,0,
2010-09-28T00:00:00.000,Malaysia,5.363,100.277,140849,Small,0,
2013-12-22T00:00:00.000,United States,37.4046,-82.9083,777,Small,0,
2013-01-09T00:00:00.000,United States,47.5827,-122.4027,608660,Medium,,
2012-11-17T00:00:00.000,United States,45.4922,-123.6863,4935,,0,0
2015-08-18T00:00:00.000,United States,57.080676,-135.361848,8881,Medium,3,0
2016-03-14T00:00:00.000,United States,40.3739,-123.363,2368,Medium,0,0
2016-05-11T00:00:00.000,Ethiopia,6.8586,37.7542,32997,Large,42,0
2014-09-08T00:00:00.000,Jamaica,18.1444,-76.4587,14400,Small,0,0
2015-01-08T00:00:00.000,United States,47.6168,-116.6798,44137,Small,0,0
2010-08-18T00:00:00.000,China,27.8541,98.683,0,Large,32,
2015-07-28T00:00:00.000,Japan,31.4976,130.747,29710,Large,0,0
2008-01-10T00:00:00.000,United States,44.8268,-122.3829,1855,Medium,,
2007-12-01T00:00:00.000,Austria,47.8734,13.8188,9651,Very_large,,
2012-11-28T00:00:00.000,United States,45.6572,-121.9002,1144,,0,0
2014-01-17T00:00:00.000,Philippines,8.4406,124.7212,14756,Medium,0,0
2008-02-13T00:00:00.000,India,11.3484,76.7937,20254,Medium,,
2010-11-04T00:00:00.000,Philippines,17.686,121.8726,2211,Medium,1,
2010-11-29T00:00:00.000,Venezuela,10.4891,-66.9146,3000000,Medium,0,
2016-07-04T00:00:00.000,Nepal,28.2856,83.0426,0,Medium,5,0
2011-07-10T00:00:00.000,United States,31.4891,-110.4081,43888,Medium,0,
2010-07-29T00:00:00.000,India,30.4054,79.3426,2000,Medium,0,
2008-05-11T00:00:00.000,United States,38.8162,-76.9216,19096,Medium,0,0
2013-08-01T00:00:00.000,Japan,37.6177,138.754,25500,Medium,1,
2013-06-10T00:00:00.000,United States,39.942,-75.1572,1526006,Medium,0,
2013-06-18T00:00:00.000,China,33.8724,109.9404,0,Medium,0,
2013-07-31T00:00:00.000,United States,34.5117,-84.444,3684,Medium,,
2009-12-29T00:00:00.000,Peru,-15.345,-71.489,0,Medium,0,
2012-04-15T00:00:00.000,Georgia,42.659,44.6407,2628,Medium,0,
2008-06-27T00:00:00.000,Nepal,28.57,83.45,2860,Medium,,
2010-08-25T00:00:00.000,Nicaragua,13.5317,-85.5325,2367,Medium,,
2012-06-17T00:00:00.000,Chile,-33.2968,-70.2492,15000,Large,,
2016-01-23T00:00:00.000,United States,41.0321,-124.1109,1205,Small,0,0
2007-11-20T00:00:00.000,,8.204812,125.302781,,Medium,,
2014-07-27T00:00:00.000,Philippines,12.0138,124.8172,3982,Medium,0,0
2009-02-16T00:00:00.000,Peru,-11.9202,-76.664,4842,Medium,0,
2016-10-01T00:00:00.000,Pakistan,34.5474,73.3455,14047,Medium,0,0
2015-09-28T00:00:00.000,Honduras,14.1105,-87.2507,1438,Medium,0,0
2011-06-22T00:00:00.000,Canada,50.4546,-104.6071,176183,Medium,0,
2014-03-02T00:00:00.000,United States,45.1946,-122.1782,2695,,0,0
2013-08-13T00:00:00.000,Nepal,27.4907,86.1078,0,Medium,7,6
2012-10-17T00:00:00.000,Peru,-6.0082,-77.2506,0,Large,13,
2015-12-17T00:00:00.000,United States,44.4126,-124.0022,2033,,0,0
2007-10-08T00:00:00.000,China,28.1292,120.4216,0,Medium,,
2008-03-16T00:00:00.000,United States,39.096,-84.2992,4741,Small,0,
2015-07-14T00:00:00.000,United States,37.4078,-82.4405,6903,Small,0,0
2014-07-10T00:00:00.000,Thailand,19.3062,101.1732,0,Medium,0,0
2015-08-02T00:00:00.000,Norway,60.7593,7.0991,0,Medium,0,0
2012-08-29T00:00:00.000,India,33.775,74.0934,28197,Medium,,
2013-08-28T00:00:00.000,China,24.1046,108.0198,0,Medium,0,
2015-02-15T00:00:00.000,Canada,51.6446,-120.0755,2471,Small,0,0
2012-08-20T00:00:00.000,Kenya,0.4339,35.7876,24661,Large,2,
2011-05-11T00:00:00.000,United States,38.6743,-82.5388,11129,Small,0,
2011-12-28T00:00:00.000,Philippines,10.5979,123.478,9489,Large,1,
2011-08-14T00:00:00.000,Philippines,10.3879,123.9179,48638,Medium,0,
2013-08-10T00:00:00.000,Uganda,1.0091,34.4073,0,Medium,0,
2010-04-29T00:00:00.000,Indonesia,-4.4585,136.8448,0,Small,0,
2014-09-17T00:00:00.000,Philippines,10.4203,123.8418,798634,Medium,0,0
2010-07-14T00:00:00.000,Japan,33.4942,130.3342,70339,Medium,0,
2010-07-06T00:00:00.000,India,30.2485,78.8847,20216,Medium,0,
2011-03-07T00:00:00.000,United States,41.5585,-73.402,6523,Medium,0,
2012-01-23T00:00:00.000,Indonesia,-1.0478,102.9334,0,Medium,0,
2010-10-08T00:00:00.000,Australia,-26.6144,153.0265,2542,Small,0,
2011-07-07T00:00:00.000,United States,39.631,-106.0433,3887,Small,0,
2011-07-27T00:00:00.000,Philippines,16.8256,121.1444,6819,Medium,4,
2015-12-08T00:00:00.000,United States,46.1947,-123.7669,9477,,0,0
2011-01-16T00:00:00.000,United States,43.6361,-116.0287,145987,Medium,0,
2008-08-28T00:00:00.000,Ghana,7.1878,0.3927,56202,Medium,,
2012-06-05T00:00:00.000,Taiwan,23.8466,120.9889,86406,Large,4,
2014-12-24T00:00:00.000,United States,43.7488,-124.1195,4154,,0,0
2010-10-03T00:00:00.000,India,28.3092,95.4149,25581,Medium,10,
2011-03-11T00:00:00.000,United States,40.22156,-80.667274,1482,Medium,,
2013-08-04T00:00:00.000,India,26.1498,94.6055,34021,Medium,,
2011-07-01T00:00:00.000,Nepal,27.8173,83.4643,23693,Medium,2,
2011-05-18T00:00:00.000,United States,38.4193,-82.4453,49138,Small,0,
2016-05-13T00:00:00.000,Madagascar,-22.3386,47.8534,4000,Medium,7,0
2008-08-29T00:00:00.000,China,27.2717,112.2414,70783,Medium,4,
2012-05-30T00:00:00.000,India,26.876,75.8101,2711758,Large,,
2011-11-29T00:00:00.000,Colombia,4.678,-74.138,54421,Medium,3,
2016-08-07T00:00:00.000,India,33.2483,75.2131,7317,Medium,0,0
2012-12-18T00:00:00.000,United States,42.4341,-122.6355,8469,,0,0
2011-03-13T00:00:00.000,United States,47.7929,-122.3899,1307,Small,0,
2008-08-16T00:00:00.000,Nepal,28.0993,82.8332,0,Medium,2,
2012-06-29T00:00:00.000,United Kingdom,55.7385,-1.9908,0,Medium,,
2015-06-01T00:00:00.000,Bangladesh,22.0104,91.9538,52005,Medium,2,1
2016-02-03T00:00:00.000,United States,35.6256,-82.5109,83393,Small,0,0
2016-07-19T00:00:00.000,Canada,52.6843,-118.175,3907,Large,0,0
2012-12-29T00:00:00.000,Colombia,2.7664,-75.0741,9829,Medium,5,7
2010-04-06T00:00:00.000,Brazil,-22.9139,-43.0159,456456,Medium,0,
2015-03-04T00:00:00.000,United States,37.8343,-82.4048,717,Small,0,0
2011-01-16T00:00:00.000,Philippines,9.5497,122.8812,5390,Medium,0,
2010-03-06T00:00:00.000,United States,36.0696,-121.602,16330,Small,0,
2016-05-16T00:00:00.000,United States,41.736,-111.8209,48174,Medium,0,0
2016-01-21T00:00:00.000,United States,47.6024,-122.4998,23025,Small,0,0
2010-05-11T00:00:00.000,United Kingdom,50.581,-1.2974,1142,Medium,0,
2011-06-10T00:00:00.000,China,29.1554,114.4393,0,Medium,3,
2008-11-20T00:00:00.000,Vietnam,15.1238,108.8117,32992,Medium,1,
2016-08-07T00:00:00.000,United States,36.5221,-81.8103,2531,Small,0,0
2013-02-22T00:00:00.000,United States,44.1694,-124.1148,8466,,0,0
2016-10-13T00:00:00.000,Nepal,26.8772,87.3215,108600,Medium,0,0
2010-12-28T00:00:00.000,United States,45.5153,-122.7004,583776,Small,0,
2013-05-29T00:00:00.000,Malaysia,5.9872,116.6928,19294,Medium,0,
2011-08-27T00:00:00.000,Philippines,10.6468,122.2416,8881,Small,0,
2011-02-05T00:00:00.000,Philippines,10.4578,123.7756,22283,Medium,0,
2014-04-24T00:00:00.000,Indonesia,-0.0406,100.0614,0,Small,3,0
2014-06-19T00:00:00.000,United States,44.9683,-93.2365,382578,Medium,0,0
2010-08-06T00:00:00.000,India,34.1416,77.4871,37475,Very_large,234,
2011-09-30T00:00:00.000,India,27.5161,88.5575,1464,Medium,0,
2015-08-23T00:00:00.000,Indonesia,-3.9287,139.2902,0,Medium,8,0
2012-06-24T00:00:00.000,Bangladesh,22.3312,91.8252,3920222,Large,31,
2011-04-16T00:00:00.000,United States,40.2498,-80.6329,1482,Medium,0,
2011-03-28T00:00:00.000,Colombia,5.0569,-75.5271,357814,Medium,0,
2012-02-14T00:00:00.000,Philippines,10.37,123.89,798634,Medium,0,
2010-06-28T00:00:00.000,India,25.4916,91.2698,25758,Medium,0,
2014-02-12T00:00:00.000,United States,45.5278,-122.6652,583776,Medium,0,0
2013-04-17T00:00:00.000,United States,37.4996,-82.4902,6903,Medium,,
2013-08-02T00:00:00.000,India,32.5282,75.1199,26893,Medium,0,
2015-05-19T00:00:00.000,Canada,44.5687,-80.9204,22625,Small,0,0
2011-07-03T00:00:00.000,Nepal,27.1722,87.0479,3250,Medium,0,
2013-01-24T00:00:00.000,Indonesia,-2.53,140.7161,134895,Medium,1,
2015-11-23T00:00:00.000,Venezuela,8.6113,-71.6598,59092,Small,1,1
2010-12-19T00:00:00.000,United States,37.1143,-121.9339,2421,Small,0,
2010-05-22T00:00:00.000,Costa Rica,9.929,-84.4428,14448,Medium,0,3
2011-03-13T00:00:00.000,United States,45.7617,-122.7346,4763,Medium,0,
2011-06-19T00:00:00.000,China,30.6427,114.318,0,Medium,0,
2010-02-10T00:00:00.000,Philippines,10.7667,123.9833,2968,Medium,0,
2010-07-18T00:00:00.000,Honduras,14.0814,-87.1953,850848,Medium,0,
2015-03-10T00:00:00.000,United States,37.7663,-80.4306,1747,Small,1,0
2015-09-16T00:00:00.000,Nepal,26.9597,86.5598,31495,Medium,0,0
2008-04-05T00:00:00.000,Pakistan,34.6861,73.1879,0,Medium,6,
2007-11-20T00:00:00.000,China,30.9947,110.3272,0,Large,32,
1993-06-04T00:00:00.000,United Kingdom,54.267,-0.3913,38909,Medium,0,0
2009-05-05T00:00:00.000,Philippines,12.7894,123.8635,3126,Large,21,
2010-07-31T00:00:00.000,United States,39.1883,-107.2341,6427,Medium,0,
2011-05-02T00:00:00.000,Ecuador,-0.2648,-78.5074,1399814,Medium,5,7
2011-07-02T00:00:00.000,Nepal,29.1265,81.2574,0,Medium,0,
2006-01-04T00:00:00.000,Indonesia,-6.9343,110.1969,58448,Medium,240,0
2015-04-14T00:00:00.000,United States,37.5761,-82.7592,3255,Small,0,0
2009-10-02T00:00:00.000,India,14.7395,74.2566,14540,Medium,,
2014-01-14T00:00:00.000,United States,55.4119,-131.7228,8050,Medium,0,0
2016-04-26T00:00:00.000,United States,43.5091,-108.1822,3009,Small,0,0
2015-06-22T00:00:00.000,India,19.029,73.311,16060,Medium,5,0
2010-11-25T00:00:00.000,Venezuela,10.2452,-66.5867,278890,Medium,1,
2010-05-03T00:00:00.000,United States,37.2482,-82.564,2203,Small,0,
2013-08-01T00:00:00.000,Panama,9.3248,-79.8867,3302,Medium,4,
2011-01-24T00:00:00.000,Canada,49.0396,-122.855,66450,Small,0,
2012-01-19T00:00:00.000,United States,43.3126,-122.8463,1795,,0,0
2008-06-02T00:00:00.000,Kenya,0.4406,35.7774,24661,Large,,
2011-03-30T00:00:00.000,United States,47.6161,-120.7202,1965,Small,0,
2011-01-02T00:00:00.000,Philippines,10.3861,124.98,8303,Medium,,
2010-10-18T00:00:00.000,Philippines,16.8336,121.1151,6819,Medium,0,
2011-01-21T00:00:00.000,United States,44.9438,-123.9665,7930,Small,0,
2015-12-24T00:00:00.000,India,28.5746,77.2791,293908,Small,1,5
2008-06-02T00:00:00.000,Yemen,15.5892,43.6319,41,Medium,,
2011-02-11T00:00:00.000,Russia,44.1447,39.0616,1800,Medium,0,
2014-01-20T00:00:00.000,Peru,-12.432,-75.0369,41576,Large,1,225
2015-12-18T00:00:00.000,Philippines,12.1512,123.6452,3119,Medium,3,0
2015-12-20T00:00:00.000,United States,44.6398,-123.9361,3465,,0,0
2011-05-19T00:00:00.000,Philippines,6.1188,124.8792,0,Medium,0,
2012-10-30T00:00:00.000,United States,45.2508,-123.8481,1035,,0,0
2012-09-02T00:00:00.000,United States,39.572,-111.1821,1247,Medium,,
2015-11-13T00:00:00.000,China,28.4712,119.8323,0,Medium,38,1
2016-07-26T00:00:00.000,India,27.1027,88.1218,1035,,0,0
2016-10-03T00:00:00.000,Dominican Republic,18.5079,-69.9373,10457,Small,1,0
2009-04-24T00:00:00.000,United States,20.904,-156.2441,8118,Small,0,
2010-07-26T00:00:00.000,Nepal,28.3034,83.3773,23296,Medium,0,
2010-09-23T00:00:00.000,India,33.271401,75.177074,7317,Medium,,
2016-08-04T00:00:00.000,Saint Kitts and Nevis,17.3165,-62.7955,2332,Small,0,0
2007-06-25T00:00:00.000,India,11.2738,75.8275,439922,Medium,,
2009-11-17T00:00:00.000,United States,47.7628,-122.3793,53007,Small,0,
2015-07-13T00:00:00.000,Philippines,16.2882,120.5875,0,Medium,2,5
2015-08-27T00:00:00.000,France,45.8549,6.8171,2985,Medium,0,0
2008-11-07T00:00:00.000,Kenya,1.2827,35.447,1073,Medium,11,
2011-02-21T00:00:00.000,United States,44.3543,-123.7083,2033,Medium,0,
2011-01-20T00:00:00.000,United States,43.271,-122.6802,1795,Medium,0,
2011-05-11T00:00:00.000,New Zealand,-37.6304,176.0454,110338,Medium,0,
2010-05-27T00:00:00.000,India,34.5628,77.6001,37475,Medium,0,
2014-03-16T00:00:00.000,United States,47.7453,-122.3806,53007,medium,0,0
2011-07-15T00:00:00.000,United States,31.3456,-110.2541,14797,Medium,0,
2009-02-15T00:00:00.000,Peru,-11.9374,-76.701,5800,Medium,0,
2011-07-28T00:00:00.000,Kenya,1.5928,35.5673,1073,Medium,0,
2014-02-10T00:00:00.000,United Kingdom,51.7026,-3.1414,0,Medium,0,0
2009-09-23T00:00:00.000,Turkey,41.3639,41.6822,9942,Medium,3,
2010-10-18T00:00:00.000,Philippines,17.3592,121.461,3186,Medium,0,
2015-01-04T00:00:00.000,Pakistan,34.4943,71.2562,1111,Medium,10,2
2013-03-13T00:00:00.000,United States,44.3956,-122.144,8925,,0,0
2013-10-25T00:00:00.000,India,16.5175,80.6117,874587,Medium,0,4
2011-12-30T00:00:00.000,Colombia,5.5139,-75.0138,163007,Medium,3,1
2010-09-15T00:00:00.000,India,31.4135,77.895,1495,Medium,0,
2016-01-07T00:00:00.000,United Kingdom,54.9735,-2.0946,10920,Medium,0,0
2009-10-01T00:00:00.000,Italy,38.196,15.5445,219948,Large,28,
2016-07-04T00:00:00.000,South Korea,37.0109,129.0783,48962,Medium,0,0
2010-10-07T00:00:00.000,Pakistan,34.6644,73.4637,725000,Medium,0,
2005-11-06T00:00:00.000,United States,47.3983,-121.3984,1018,Medium,0,0
2009-09-19T00:00:00.000,Thailand,12.8414,101.1186,0,Medium,,
2009-03-01T00:00:00.000,Malaysia,2.7325,102.0987,19510,Medium,0,
2010-10-05T00:00:00.000,Nepal,27.8622,83.5505,23693,Medium,0,
2015-05-02T00:00:00.000,Nicaragua,11.9013,-86.06,2111,Large,0,0
2015-09-15T00:00:00.000,United States,35.7755,-83.0948,1171,Medium,0,0
2010-07-14T00:00:00.000,Japan,33.5692,130.6789,78206,Medium,0,
2013-07-16T00:00:00.000,China,32.3382,105.8313,213365,Large,,
2016-02-19T00:00:00.000,United States,44.7849,-123.9049,2449,,0,0
2011-09-09T00:00:00.000,China,43.4317,83.2611,0,Medium,7,
2015-08-01T00:00:00.000,India,24.9111,94.4759,8797,Medium,,
2009-08-25T00:00:00.000,United States,47.8947,-118.1379,1734,Medium,0,0
2009-10-16T00:00:00.000,United States,39.55,-123.4246,3235,Small,0,
2016-06-20T00:00:00.000,Kyrgyzstan,40.2598,73.3043,0,Medium,0,0
2015-02-07T00:00:00.000,United States,47.9194,-122.3152,20254,Medium,0,0
2015-07-19T00:00:00.000,United States,32.7738,-117.1282,57065,Small,0,0
2012-01-14T00:00:00.000,Philippines,7.257,126.1579,2221,Medium,0,
2013-07-04T00:00:00.000,United States,35.6508,-82.5308,6123,Small,0,
2010-11-26T00:00:00.000,Sri Lanka,7.4227,80.6309,111701,Medium,3,
2008-02-13T00:00:00.000,India,33.2418,75.242,7317,Medium,,
2009-09-20T00:00:00.000,Nepal,28.28,83.55,23296,Medium,2,
2012-07-18T00:00:00.000,Uganda,1.0171,34.2544,0,Medium,,
2011-01-30T00:00:00.000,Philippines,8.0539,126.4037,6400,Medium,0,
2009-08-20T00:00:00.000,India,27.0736,88.4779,43000,Medium,1,
2010-04-06T00:00:00.000,Brazil,-22.9223,-43.032,456456,Medium,0,
2009-08-16T00:00:00.000,India,27.159772,88.634112,43000,Medium,1,
2015-01-17T00:00:00.000,China,28.0878,108.6966,0,Large,0,0
2014-06-15T00:00:00.000,United States,44.0765,-69.6188,1097,Small,0,0
2013-06-30T00:00:00.000,Australia,-33.8234,151.0075,18448,Small,0,
2016-05-18T00:00:00.000,India,24.4638,92.4943,10942,Medium,5,0
2016-09-14T00:00:00.000,Australia,-38.6326,143.8953,1777,Medium,0,0
2012-09-11T00:00:00.000,Papua New Guinea,-6.1415,143.6517,26252,Medium,3,
2014-01-11T00:00:00.000,United States,45.3974,-122.4753,10539,,0,0
2010-02-06T00:00:00.000,United States,34.2389,-118.2239,19653,Medium,0,
2007-09-09T00:00:00.000,India,27.1667,88.35,1147,Medium,1,
1997-01-19T00:00:00.000,United States,47.6495,-122.6172,5233,Medium,0,0
2012-01-24T00:00:00.000,United States,44.1579,-123.5777,4561,,0,0
2011-04-26T00:00:00.000,United States,39.0188,-84.2677,4801,Small,0,
2015-05-19T00:00:00.000,United States,38.5514,-105.0973,3582,Medium,0,0
2015-10-19T00:00:00.000,Guatemala,14.5572,-90.53,67994,Small,0,0
2011-03-24T00:00:00.000,United States,37.8751,-122.5621,7000,Medium,0,
2011-03-30T00:00:00.000,Philippines,6.0522,124.9168,0,Medium,3,
2013-08-05T00:00:00.000,India,9.8539,76.9468,11248,Medium,1,
2010-04-27T00:00:00.000,Georgia,41.8984,45.458,21800,Medium,0,
2007-10-19T00:00:00.000,Bangladesh,22.894,91.5327,39335,Medium,,
2016-03-22T00:00:00.000,United States,44.0645,-123.8296,8466,,0,0
2012-06-06T00:00:00.000,China,29.2409,95.9761,0,Medium,,
2013-05-04T00:00:00.000,Sri Lanka,6.8196,80.8448,4721,Medium,,
2013-06-24T00:00:00.000,India,30.2524,78.9228,2571,Medium,0,
2010-02-15T00:00:00.000,Italy,38.018,14.599,3942,Medium,0,
2012-12-19T00:00:00.000,United States,46.1896,-123.8215,9477,Medium,,
2014-02-03T00:00:00.000,Bangladesh,22.3475,91.8123,3920222,medium,1,1
2011-10-31T00:00:00.000,Costa Rica,9.9792,-83.8525,6784,Medium,0,
2015-03-14T00:00:00.000,United States,45.5635,-123.5826,4935,,0,0
2012-06-11T00:00:00.000,China,27.6934,111.6641,66501,Medium,,
2010-09-17T00:00:00.000,Nepal,27.866247,84.631187,107157,Medium,,
2015-02-18T00:00:00.000,Canada,49.8785,-118.1103,1706,Medium,0,0
2016-06-27T00:00:00.000,Nepal,27.0927,85.5502,20284,Medium,0,0
2012-02-10T00:00:00.000,United States,45.0159,-123.9385,1894,,0,0
2008-11-24T00:00:00.000,Brazil,-26.8833,-48.65,47781,Very_large,109,
2006-01-10T00:00:00.000,United States,47.7573,-122.3786,53007,Small,0,0
2011-01-08T00:00:00.000,Philippines,12.0311,124.9919,2811,Medium,0,
2007-10-12T00:00:00.000,Nigeria,9.936704,11.906823,14305,Medium,,
2015-10-19T00:00:00.000,Guatemala,14.3855,-91.1789,2680,Medium,0,0
2011-09-28T00:00:00.000,India,26.8545,88.3372,46427,Medium,0,0
2016-03-14T00:00:00.000,Switzerland,46.6901,8.7412,2193,Medium,0,0
2013-09-08T00:00:00.000,United States,42.2322,-111.7272,5204,Medium,0,
2010-10-18T00:00:00.000,Philippines,18.0167,121.1831,2337,Medium,0,
2012-12-26T00:00:00.000,United States,47.8501,-122.2146,18244,Medium,,
2014-08-21T00:00:00.000,United States,48.3729,-119.9688,2552,Medium,0,0
2012-12-26T00:00:00.000,United States,42.9771,-123.7439,1185,,0,0
2011-01-12T00:00:00.000,Brazil,-22.3838,-43.0787,123979,Large,50,
2015-01-22T00:00:00.000,Honduras,15.1754,-87.8164,2188,Small,0,0
2014-03-09T00:00:00.000,Italy,44.2136,8.4163,3841,Medium,0,0
2015-12-07T00:00:00.000,United States,44.3984,-122.3454,8925,Small,0,0
2016-01-20T00:00:00.000,United States,45.9641,-123.1705,2151,,0,0
2010-05-07T00:00:00.000,Tajikistan,37.9148,69.8054,78786,Large,21,
2016-01-28T00:00:00.000,United States,48.1136,-123.3754,3036,Small,0,0
2012-01-19T00:00:00.000,United States,43.3045,-122.5226,1795,,0,0
2012-08-15T00:00:00.000,Philippines,16.4185,120.6003,272714,Medium,,
2012-01-18T00:00:00.000,United States,44.6736,-123.8506,2449,,0,0
2013-09-28T00:00:00.000,United States,44.8207,-119.4508,1291,,0,0
2011-04-07T00:00:00.000,United States,44.4307,-121.8753,2038,,0,0
2007-09-18T00:00:00.000,Slovenia,46.4719,15.0836,7933,Medium,,
2010-06-27T00:00:00.000,New Zealand,-43.7893,172.7611,2235,Medium,0,
2015-04-10T00:00:00.000,United States,40.2278,-80.6534,1482,Small,0,0
2014-07-13T00:00:00.000,Nepal,27.5687,85.34,183310,Small,3,0
2010-07-09T00:00:00.000,China,28.1336,106.8256,80344,Medium,0,
2013-08-04T00:00:00.000,Pakistan,35.1544,74.0453,0,Medium,,
2008-05-18T00:00:00.000,Philippines,16.4956,120.832,0,Medium,12,
2013-01-26T00:00:00.000,Indonesia,-1.4771,102.4382,0,Medium,4,5
2015-02-10T00:00:00.000,United States,46.7802,-114.4064,3892,Small,0,0
2016-10-20T00:00:00.000,Philippines,16.7999,120.8211,11742,Medium,1,0
2012-09-26T00:00:00.000,United Kingdom,51.3512,-2.9735,82903,Medium,,
2011-03-08T00:00:00.000,United States,38.5678,-90.6426,35517,Medium,0,
2011-07-06T00:00:00.000,China,37.8734,112.5626,0,Medium,5,
2011-10-17T00:00:00.000,New Zealand,-40.3348,175.8168,75996,Medium,0,
2013-06-27T00:00:00.000,China,29.3755,114.57,0,Medium,1,
2015-06-17T00:00:00.000,Malaysia,6.06833,116.58678,19294,Medium,0,0
2015-08-27T00:00:00.000,France,45.8549,6.8171,2985,Medium,0,0
2014-01-16T00:00:00.000,United Kingdom,50.705,-2.7269,13266,unknown,0,0
2011-07-22T00:00:00.000,Mexico,19.5805,-101.7023,2817,Medium,0,
2015-12-27T00:00:00.000,United States,36.0281,-94.9213,15753,Medium,0,0
2013-08-04T00:00:00.000,India,26.0137,94.5163,29499,Medium,,
2007-09-07T00:00:00.000,India,26.8833,88.2833,46427,Medium,,
2011-05-21T00:00:00.000,United States,39.9121,-111.7429,9128,Small,0,
2008-01-13T00:00:00.000,New Zealand,-43.7015,170.0645,1187,Very_large,,
2015-06-27T00:00:00.000,India,27.0076,88.251,123797,Medium,1,0
2011-06-09T00:00:00.000,India,33.1617,75.3278,4209,Medium,1,
2014-11-23T00:00:00.000,Nicaragua,11.5644,-85.5964,2771,Medium,1,0
2011-02-07T00:00:00.000,Sri Lanka,7.6235,80.6349,66716,Medium,0,
2010-04-06T00:00:00.000,Brazil,-22.9399,-43.1943,6023699,Medium,0,
2010-09-29T00:00:00.000,Jamaica,18.1686,-76.8226,8551,Medium,0,
2010-09-28T00:00:00.000,Jamaica,18.0083,-76.4394,1119,Medium,0,
2016-10-17T00:00:00.000,Philippines,13.7442,123.5378,7324,Medium,0,0
2015-09-16T00:00:00.000,India,18.7828,82.7935,41170,Medium,0,0
2016-10-15T00:00:00.000,India,26.888,88.2796,46427,Medium,0,0
2011-09-23T00:00:00.000,United States,56.8227,-132.9587,2948,Medium,0,
2014-09-26T00:00:00.000,United States,47.9918,-122.3657,1035,Small,0,0
2013-12-24T00:00:00.000,Saint Lucia,13.8891,-60.9268,1906,Large,,
2010-02-25T00:00:00.000,United States,33.9062,-116.8721,29603,Small,0,
2011-08-11T00:00:00.000,Pakistan,26.0765,68.5034,21446,Large,21,
2010-04-06T00:00:00.000,Brazil,-22.9229,-43.3057,6023699,Medium,0,
2007-07-25T00:00:00.000,United States,20.6479,-156.0898,1235,Small,,
2008-05-12T00:00:00.000,China,31.2922,103.2827,0,Very_large,,
2009-06-19T00:00:00.000,United States,35.91,-81.41,3776,Medium,0,
2011-04-26T00:00:00.000,New Zealand,-39.484,176.9136,56787,Medium,0,
2011-04-05T00:00:00.000,Angola,-8.8961,13.351,2776168,Medium,0,
2015-01-06T00:00:00.000,United States,46.9795,-123.8439,16896,Medium,0,1
2016-06-21T00:00:00.000,Japan,32.6848,130.5807,39234,Large,1,0
2010-11-24T00:00:00.000,Philippines,16.6604,120.9317,0,Medium,0,
2011-08-07T00:00:00.000,India,31.0766,77.3913,4191,Medium,0,
2015-12-07T00:00:00.000,United Kingdom,54.7205,-3.4963,9854,Small,0,0
2013-10-12T00:00:00.000,Philippines,16.0774,121.7692,0,Large,10,
2007-04-14T00:00:00.000,Canada,45.3226,-73.7771,42786,Small,,
2014-06-27T00:00:00.000,United States,43.7638,-91.9607,1325,Small,0,0
2010-12-13T00:00:00.000,United States,47.0252,-122.9082,46478,Medium,0,
2011-04-26T00:00:00.000,New Zealand,-40.1685,176.8242,61696,Medium,0,
2015-07-21T00:00:00.000,India,33.7403,77.7559,37475,Small,0,0
2013-07-31T00:00:00.000,India,29.5952,79.6625,32442,Medium,,
2013-01-17T00:00:00.000,United States,35.3368,-84.0317,620,Large,,
2015-07-31T00:00:00.000,Malaysia,5.2923,100.249,140849,Small,0,0
2008-09-03T00:00:00.000,Haiti,19.43,-72.648,84961,Medium,26,
2016-06-14T00:00:00.000,Croatia,42.6493,18.1014,28428,Medium,0,0
2011-05-12T00:00:00.000,Vietnam,22.1915,104.4989,0,Medium,0,
2010-09-18T00:00:00.000,India,30.1454,78.6007,2130,Medium,0,
2010-08-19T00:00:00.000,United States,39.4346,-107.2429,6427,Small,0,
2007-12-11T00:00:00.000,Trinidad and Tobago,11.267,-60.566,0,Small,,
2008-01-03T00:00:00.000,Philippines,10.0374,125.2172,2676,Medium,,
2009-10-23T00:00:00.000,Vietnam,16.3395,107.7424,0,Medium,0,
2013-12-21T00:00:00.000,United States,40.542,-79.7241,11761,Small,0,
2013-09-10T00:00:00.000,New Zealand,-44.0527,169.38,4428,Medium,0,
2014-05-16T00:00:00.000,Bosnia and Herzegovina,44.4573,18.673,13641,Small,0,0
2010-08-12T00:00:00.000,China,34.62798,105.740291,0,Medium,14,
2011-01-17T00:00:00.000,United States,44.7273,-124.0576,1398,,0,0
2013-09-26T00:00:00.000,Uganda,0.1679,29.984,7914,Medium,3,
2015-11-13T00:00:00.000,United States,47.5328,-122.073,30434,Large,0,0
2015-02-08T00:00:00.000,Canada,50.9749,-119.1813,2732,Medium,0,0
2011-01-27T00:00:00.000,Philippines,10.0884,124.981,2825,Small,0,
2015-08-05T00:00:00.000,India,15.3956,74.0113,18898,Medium,0,0
2011-08-13T00:00:00.000,India,31.7077,76.9313,28217,Medium,2,
2015-12-09T00:00:00.000,United States,45.7326,-122.6573,7850,Medium,0,0
2013-03-29T00:00:00.000,Tanzania,-3.3784,35.8907,17754,Medium,,
2007-11-18T00:00:00.000,Greece,37.4833,21.65,5894,Medium,,
2010-04-17T00:00:00.000,India,27.322,88.6087,30700,Small,0,
2008-08-26T00:00:00.000,Haiti,18.509,-72.345,1234742,Medium,3,
2007-07-20T00:00:00.000,India,11.855,75.361,62836,Medium,,
2007-08-02T00:00:00.000,India,26.8905,88.2789,46427,Medium,3,
2014-08-21T00:00:00.000,United States,47.7619,-120.0968,3890,Medium,0,0
2015-12-17T00:00:00.000,United States,46.0951,-123.0073,1895,Small,0,0
2015-04-08T00:00:00.000,India,34.6609,73.9593,0,Small,0,3
2014-10-05T00:00:00.000,Thailand,7.8726,99.7283,16586,Medium,0,0
2011-06-07T00:00:00.000,Haiti,18.5135,-72.2853,283052,Large,13,
2015-12-15T00:00:00.000,Honduras,13.2861,-87.0329,1199,Small,1,0
2015-08-18T00:00:00.000,India,28.1737,94.7596,18425,Medium,1,0
2014-02-07T00:00:00.000,United Kingdom,51.9007,0.0431,1994,Medium,0,0
2014-10-01T00:00:00.000,United Kingdom,54.4889,-0.5986,13897,Medium,0,0
2014-01-23T00:00:00.000,Indonesia,-8.1062,115.2126,0,large,2,0
2014-08-04T00:00:00.000,Nepal,27.4083,87.2739,22903,Medium,6,0
2015-07-21T00:00:00.000,India,33.616,77.7652,37475,Small,0,0
2011-08-05T00:00:00.000,United States,35.7108,-83.4998,3944,Small,0,
2008-10-12T00:00:00.000,Costa Rica,9.519,-83.706,34877,Medium,,
2014-02-28T00:00:00.000,Fiji,-17.6231,178.2678,77366,unknown,0,0
2012-03-04T00:00:00.000,United States,22.0377,-159.3409,2254,Medium,0,
2013-08-13T00:00:00.000,United States,37.4598,-82.6605,1706,Small,0,
2010-08-06T00:00:00.000,India,34.3061,77.3265,37475,Large,0,
2015-03-06T00:00:00.000,United States,37.9176,-82.4895,717,Medium,0,0
2011-08-07T00:00:00.000,India,15.7067,73.9551,15315,Medium,0,
2014-10-01T00:00:00.000,United Kingdom,54.4884,-0.5974,13897,Small,0,0
2012-05-29T00:00:00.000,China,39.716,76.1671,0,Medium,3,
2011-11-23T00:00:00.000,United States,47.8268,-122.3678,39709,Small,0,0
2014-01-12T00:00:00.000,United States,47.98,-122.2019,103019,Medium,0,0
2010-04-06T00:00:00.000,Brazil,-22.9149,-43.1067,456456,Medium,0,
2009-12-31T00:00:00.000,Brazil,-22.9428,-43.3581,454849,Medium,5,
2014-08-14T00:00:00.000,Nepal,27.5742,85.1509,44632,Medium,0,0
2013-11-02T00:00:00.000,Papua New Guinea,-6.083,145.1667,9383,Large,9,3
2007-08-07T00:00:00.000,India,15.0296,74.0253,12444,Medium,,
2014-12-20T00:00:00.000,United States,43.276,-122.4564,3205,,0,0
2015-01-14T00:00:00.000,Madagascar,-18.9191,47.5505,1391433,Medium,3,4
2010-01-25T00:00:00.000,United States,36.2592,-80.3654,2441,Small,0,
2013-02-28T00:00:00.000,United States,44.8559,-123.9567,2045,,0,0
2012-03-04T00:00:00.000,South Africa,-29.8124,30.978,15000,Medium,0,
2008-01-01T00:00:00.000,United States,40.3916,-79.732,4020,Small,,
2013-07-13T00:00:00.000,China,36.5851,109.4875,0,Small,0,
2010-10-09T00:00:00.000,India,25.1796,93.0083,39982,Medium,1,
2010-04-06T00:00:00.000,Brazil,-22.8926,-43.0987,456456,Medium,0,
2013-08-29T00:00:00.000,Honduras,14.951,-87.9338,1146,Medium,6,2
2016-02-28T00:00:00.000,Indonesia,-6.5895,106.8011,800000,Medium,0,0
2007-01-11T00:00:00.000,Philippines,7.5314,126.013,6148,Medium,6,
2015-10-16T00:00:00.000,United States,34.5784,-118.5561,19015,Large,0,0
2011-05-31T00:00:00.000,India,30.9206,78.3276,7725,Medium,0,
2010-12-10T00:00:00.000,United States,47.5095,-122.3915,13495,Small,0,
2015-11-11T00:00:00.000,Nepal,28.1281,83.3841,23296,Medium,3,0
2012-01-18T00:00:00.000,United States,45.4928,-122.6738,583776,,0,0
2011-07-26T00:00:00.000,Philippines,14.2245,122.7663,5025,Medium,5,
2011-10-21T00:00:00.000,Italy,40.8308,14.43,32484,Medium,1,
2014-12-06T00:00:00.000,Philippines,11.7521,125.4568,3069,Small,0,0
2010-04-06T00:00:00.000,Brazil,-22.9101,-43.094167,456456,Medium,0,
2009-08-10T00:00:00.000,China,30.7635,105.7051,0,Medium,,
2011-04-23T00:00:00.000,Brazil,-29.5706,-50.7578,28679,Medium,7,
2008-08-29T00:00:00.000,Nepal,29.3833,81.3167,0,Medium,4,
2012-01-18T00:00:00.000,United States,44.158,-123.5777,4561,,0,0
2011-03-01T00:00:00.000,United States,45.5872,-122.7739,11333,Small,0,
2008-08-08T00:00:00.000,India,31.13,77.09,2467,Medium,,
2010-12-12T00:00:00.000,United States,47.5692,-122.6561,37729,Medium,0,
2009-09-15T00:00:00.000,Indonesia,-7.3683,112.7145,79230,Medium,,
